<?xml version="1.0" encoding="UTF-8"?>
<templates xml:space="preserve" id="template_todo_list" name="owl.TodoList">
    <t t-name="owl.TodoList" owl="1">
        <section class="father-container-login">
            <article class="back-container-login">
                <div class="left-container-login">
                    <p class="title-container-login">
                        <span class="title-form-left-container-login">¡BIENVENIDO A LA FAMILIA MULTIDICIPLINARIA!</span>
                    </p>

                    <p class="p-container-login">
                        <span class="description-form-left-container-login">Somos una Universidad con la misión y visión de formar profesionales en diferentes carreras, contando con un Modelo Educativo centrado en el ser humano, la familia y la comunidad.</span>
                    </p>

                    <div class="img-container-form-left-container-login">
                        <img class="img-form-left-container-login" src="carlos_module/static/src/img/unm_educacion_gratuita.png" alt=""/>
                    </div>
                </div>

                <div class="right-container-login">
                    <div class="img-container-right-container-login">
                        <img class="img-right-container-login" src="carlos_module/static/src/img/unm_logo_black.png" alt=""/>
                    </div>
                    <form class="form-container-right-container-login" id="loginForm">
                        <div class="margin-form-container-login">
                            <h2 class="title-form-right-container-login">Iniciar Sesion</h2>
                            <div class="margin-container-login">
                                <input class="inpt-first-information-right-container-login" type="text" id="username"  name="username" placeholder="Username" required="true"/>
                            </div>
                            <div class="input-container-right-container-login">
                                <input class="inpt-first-information-right-container-login" type="password" id="password" name="password" placeholder="Password" required="true"/>
                            </div>
                        </div>
                        <input class="btn-inpt-login" type="button" value="Sign in" t-on-click="postData"/>
                    </form>
                    <div class="img-container-right-container-login">
                        <img class="img-lema-right-container-login" src="carlos_module/static/src/img/unm_lema.png" alt=""/>
                    </div>
                </div>
            </article>
        </section>
    </t>
</templates>
