<?xml version="1.0" encoding="UTF-8"?>
<templates xml:space="preserve" id="matricula_unica" name="owl.MatriculaUnica">
    <t t-name="owl.MatriculaUnica" owl="1">
        <section class="father-container-matricula-unica">
            <article class="margin-container-matricula-unica">
                <div class="navmenu-container-matricula-unica">
                    <div class="img-container-navmenu-matricula-unica">
                        <img class="img-navmenu-matricula-unica" src="/carlos_module/static/src/img/logo_interface.png" alt="">
                    </div>
                    <div class="p-container-navmenu-matricula-unica">
                        <h3 class="log-navmenu-matricula-unica">Menu</h3>
                        <div class="hr-container-matricula-unica">
                            <hr class="hr-line-navmenu-matricula-unica"/>
                        </div>
                    </div>
                    <ul class="ul-container-navmenu-matricula-unica">
                        <li class="li-navmenu-matricula-unica active">
                            <img class="icn-navmenu-matricula-unica" src="/carlos_module/static/src/img/web_icons/icn_asignment.png" alt=""/>
                            Asignatura
                        </li>
                        <li class="li-navmenu-matricula-unica">
                            <img class="icn-navmenu-matricula-unica" src="/carlos_module/static/src/img/web_icons/icn_authority.png" alt=""/>
                            Autoridad
                        </li>
                        <li class="li-navmenu-matricula-unica">
                            <img class="icn-navmenu-matricula-unica" src="/carlos_module/static/src/img/web_icons/icn_charge.png" alt=""/>
                            Cargos
                        </li>
                        <li class="li-navmenu-matricula-unica">
                            <img class="icn-navmenu-matricula-unica" src="/carlos_module/static/src/img/web_icons/icn_main.png" alt=""/>
                            Carrera
                        </li>
                        <li class="li-navmenu-matricula-unica">
                            <img class="icn-navmenu-matricula-unica" src="/carlos_module/static/src/img/web_icons/icn_school.png" alt=""/>
                            Secundaria
                        </li>
                        <li class="li-navmenu-matricula-unica">
                            <img class="icn-navmenu-matricula-unica" src="/carlos_module/static/src/img/web_icons/icn_center_clasification.png" alt=""/>
                            Clasificación de Centro
                        </li>
                    </ul>
                    <div class="p-container-navmenu-matricula-unica">
                        <h3 class="log-navmenu-matricula-unica">Help</h3>
                        <div class="hr-container-matricula-unica">
                            <hr class="hr-line-navmenu-matricula-unica"/>
                        </div>
                    </div>
                    <ul class="ul-container-navmenu-matricula-unica">
                        <li class="li-navmenu-matricula-unica">
                            <img class="icn-navmenu-matricula-unica" src="/carlos_module/static/src/img/web_icons/icn_mail.png" alt=""/>
                            Soporte
                        </li>
                        <li class="li-navmenu-matricula-unica">
                            <img class="icn-navmenu-matricula-unica" src="/carlos_module/static/src/img/web_icons/icn_settings.png" alt=""/>
                            Configuración
                        </li>
                        <li class="li-navmenu-matricula-unica">
                            <img class="icn-navmenu-matricula-unica" src="/carlos_module/static/src/img/web_icons/icn_logOut.png" alt=""/>
                            Cerrar Sesión
                        </li>
                    </ul>
                </div>

            </article>
            <!-- inputs container -->
            <div class="crud-container-matricula-unica">
                <article class="son-crud-container-matricula-unica">
                    <div class="margin-crud-matricula-unica">
                        <div class="first-box-crud-container-matricula-unica">
                            <h2 class="field-title-first-box-crud-matricula-unica">ASIGNATURAS</h2>
                            <div class="search-container">
                                <img class="search-icon" src="carlos_module/static/src/img/web_icons/icn_search.png" alt=""/>
                                <input class="inpt-search-first-box-crud-matricula-unica" type="search" placeholder="Buscar Registros..." required="True"/>
                            </div>
                            <div class="img-container-first-box-crud-matricula-unica">
                                <img class="img-first-box-crud-matricula-unica" src="/carlos_module/static/src/img/user.png" alt=""/>
                            </div>
                        </div>

                        <div class="second-box-crud-container-matricula-unica">
                            <div class="fields-container-second-box-crud-container-matricula-unica">
                                <h2 class="title-matricula-second-box-crud-container-matricula-unica">FORMULARIO DE MATRICULA UNICA CNU</h2>
                                <div class="inputs-container-second-box-crud-matricula-unica">
                                    <input class="input-second-box-crud-matriucla-unica" type="text" name="id_btn" placeholder="Id" required="True"/>
                                    <input class="input-second-box-crud-matriucla-unica" type="text" name="id_asignatura" placeholder="Asignatura" required="True"/>
                                    <input class="input-second-box-crud-matriucla-unica" type="text" name="id_grupo" placeholder="Grupo" required="True"/>
                                </div>
                            </div>
                            <div class="complement-second-box-crud-matricula-unica">
                                <div class="complement-container">
                                    <div class="img-unm-container-second-box-crud-matricula-unica">
                                        <img class="img-unm-second-box-crud-matricula-unica" src="/carlos_module/static/src/img/unm_logo_black.png" alt=""/>
                                    </div>
                                    <div class="btns-container-box">
                                        <div class="btns-container-second-box-matricula-unica">
                                            <button class="btn-crud-second-box-matricula-unica" t-on-click="getData">Nuevo</button> <!-- new get -->
                                            <button class="btn-crud-second-box-matricula-unica" t-on-click="postHttpService">Agregar</button> <!-- add post -->
                                        </div>

                                        <div class="btns-container-second-box-matricula-unica">
                                            <button class="btn-crud-second-box-matricula-unica" t-on-click="editHttpService">Editar</button>
                                            <button class="btn-crud-second-box-matricula-unica" t-on-click="deletetHttpService">Eliminar</button>
                                        </div>
                                    </div>
                                </div>
                            </div>
                        </div>
                    </div>

                    <div class="table-container-second-container-matricula-unica">
                        <table class="table" t-if="state.get_http_data">
                            <thead class="table-info">
                                <tr>
                                    <th>ID</th>
                                    <th>Asignatura</th>
                                    <th>Grupo</th>
                                </tr>
                            </thead>
                            <tbody>
                                <tr t-foreach="state.get_http_data" t-as="data" t-key="data.id">
                                    <td class="table-secondary" t-esc="data.id"></td>
                                    <td class="table-secondary" t-esc="data.asignatura"></td>
                                    <td class="table-secondary" t-esc="data.grupo"></td>
                                </tr>
                            </tbody>
                        </table>
                    </div>
                </article>
            </div>
        </section>
    </t>
</templates>